,Mode,GeneA,GeneB,Score
0,max,839248,839248,7.356555976638783
1,max,839798,839798,1.4616028778772505
2,max,839799,839799,2.7515895760151294
3,max,839241,839241,8.888032347603172
4,max,832578,832578,2.5956188185803413
5,max,839796,839796,2.853149180127669
6,max,839797,839797,3.7723594038056123
7,max,839794,839794,2.424969963782068
8,max,839795,839795,3.4619594074941746
9,max,834306,834306,3.406899630311147
10,max,834304,834304,7.942924742315027
11,max,826764,826764,4.386834751998059
12,max,817013,817013,9.021563740227695
13,max,817014,817014,6.858298695621657
14,max,817017,817017,6.536657090439695
15,max,817016,817016,8.770249311946788
16,max,817019,817019,9.37816147010161
17,max,831066,831066,6.264646160891235
18,max,836043,836043,7.470966327816528
19,max,836040,836040,9.734684211543081
20,max,830512,830512,8.888032347603172
21,max,842288,842288,8.770249311946788
22,max,842284,842284,8.56723125388528
23,max,842280,842280,7.075653591172381
24,max,816495,816495,9.175714420054954
25,max,839424,839424,8.481921243047713
26,max,5008312,5008312,9.021563740227695
27,max,839422,839422,9.329219103434918
28,max,831230,831230,8.199506473759964
29,max,831232,831232,8.923753995326752
30,max,839429,839429,8.56723125388528
31,max,836222,836222,9.511540660228873
32,max,836227,836227,8.2795491814335
33,max,818561,818561,8.32841655966775
34,max,816722,816722,9.155017918787399
35,max,818566,818566,10.7644558312215
36,max,818568,818568,5.752538131674022
37,max,821003,821003,9.358035976848909
38,max,824073,824073,8.888032347603172
39,max,824072,824072,8.888032347603172
40,max,821006,821006,4.26979364516923
41,max,824077,824077,8.05640563011929
42,max,824079,824079,10.967473889283008
43,max,821008,821008,8.569578616484637
44,max,820752,820752,8.569578616484637
45,max,820979,820979,6.6107650625934165
46,max,827528,827528,5.552634068901876
47,max,827529,827529,8.125398501606242
48,max,820974,820974,6.446967717685189
49,max,827527,827527,7.1809368927653905
50,max,820202,820202,7.628961615292351
51,max,827251,827251,4.26979364516923
52,max,820200,820200,9.581179528163117
53,max,837794,837794,4.193250002925394
54,max,837797,837797,9.175068423607659
55,max,822457,822457,10.427831392103027
56,max,823959,823959,7.356555976638783
57,max,839933,839933,10.7644558312215
58,max,829589,829589,9.155017918787399
59,max,823953,823953,2.424969963782068
60,max,829587,829587,7.82001685205506
61,max,829584,829584,5.944174265616463
62,max,823956,823956,7.82001685205506
63,max,823955,823955,8.05640563011929
64,max,839939,839939,7.383954950826898
65,max,841065,841065,5.868705144616342
66,max,837575,837575,7.138832492793913
67,max,818159,818159,7.22980427099964
68,max,837579,837579,9.358035976848909
69,max,824695,824695,5.3340811912962645
70,max,824690,824690,2.424969963782068
71,max,824693,824693,10.071308650661555
72,max,841391,841391,5.3340811912962645
73,max,841395,841395,5.399129385521912
74,max,841394,841394,7.624471011196492
75,max,828183,828183,9.041537030983136
76,max,841399,841399,6.762781269892042
77,max,828188,828188,4.386834751998059
78,max,844288,844288,10.274326708723063
79,max,844289,844289,2.424969963782068
80,max,826698,826698,2.5976045221716535
81,max,844285,844285,9.665843542553391
82,max,844280,844280,2.5976045221716535
83,max,826692,826692,1.4616028778772505
84,max,826690,826690,7.1809368927653905
85,max,814733,814733,6.515808386674881
86,max,814735,814735,10.7644558312215
87,max,828238,828238,8.664888796288963
88,max,828236,828236,4.386834751998059
89,max,828230,828230,10.274326708723063
90,max,844770,844770,
91,max,815069,815069,9.868861600614899
92,max,815065,815065,10.274326708723063
93,max,815060,815060,6.276126007053865
94,max,844773,844773,
95,max,819579,819579,8.402524531821472
96,max,842876,842876,6.832630198497174
97,max,842873,842873,9.021563740227695
98,max,834173,834173,7.501737986483281
99,max,818706,818706,5.399129385521912
100,max,838650,838650,6.757122645989029
101,max,838651,838651,9.37816147010161
102,max,838652,838652,9.37816147010161
103,max,838653,838653,10.274326708723063
104,max,835554,835554,8.888032347603172
105,max,838659,838659,9.155017918787399
106,max,835556,835556,7.902102747794771
107,max,838877,838877,9.868861600614899
108,max,838870,838870,9.358035976848909
109,max,838300,838300,7.055450883854862
110,max,829346,829346,2.369662325889517
111,max,829347,829347,10.274326708723063
112,max,816269,816269,6.757122645989029
113,max,831424,831424,5.760509525276041
114,max,816261,816261,
115,max,816263,816263,9.155017918787399
116,max,839655,839655,8.569578616484637
117,max,818717,818717,8.888032347603172
118,max,818711,818711,2.424969963782068
119,max,818710,818710,6.978489842718734
120,max,818718,818718,5.715200461236378
121,max,829009,829009,8.482567239495008
122,max,829004,829004,4.836247399799867
123,max,843479,843479,7.748598064414807
124,max,834791,834791,9.37816147010161
125,max,830080,830080,1.4616028778772505
126,max,830082,830082,8.770249311946788
127,max,830088,830088,8.56723125388528
128,max,832027,832027,4.504874367156577
129,max,832791,832791,3.5666437489372247
130,max,832790,832790,9.358035976848909
131,max,825116,825116,5.1210351142252835
132,max,825111,825111,9.581179528163117
133,max,828439,828439,7.748598064414807
134,max,830337,830337,4.436366844995045
135,max,830336,830336,10.7644558312215
136,max,830335,830335,9.329219103434918
137,max,830330,830330,10.071308650661555
138,max,824198,824198,5.0441440546140885
139,max,817601,817601,8.134260545226791
140,max,817602,817602,1.4616028778772505
141,max,817603,817603,6.515960589172141
142,max,821960,821960,8.412928371560762
143,max,824441,824441,8.023034910116568
144,max,832243,832243,10.071308650661555
145,max,832242,832242,9.358035976848909
146,max,817608,817608,8.32841655966775
147,max,821965,821965,10.274326708723063
148,max,824195,824195,10.967473889283008
149,max,828759,828759,8.461870738227455
150,max,820560,820560,5.759686406953548
151,max,828750,828750,6.978489842718734
152,max,828751,828751,1.4616028778772505
153,max,820568,820568,6.395007978754479
154,max,3770411,3770411,9.868861600614899
155,max,824226,824226,8.56723125388528
156,max,821615,821615,2.424969963782068
157,max,824220,824220,3.464735678528157
158,max,836564,836564,4.440123893872757
159,max,836562,836562,7.075576377107564
160,max,841232,841232,10.022366283994863
161,max,841722,841722,5.159331399302564
162,max,841725,841725,9.175714420054954
163,max,841234,841234,4.415316839841703
164,max,837962,837962,7.825141706658643
165,max,837967,837967,9.021563740227695
166,max,833300,833300,8.818393479668927
167,max,827759,827759,10.022366283994863
168,max,2745766,2745766,
169,max,826595,826595,9.021563740227695
170,max,826593,826593,6.077124761061254
171,max,840450,840450,5.6444639101446
172,max,819292,819292,7.1809368927653905
173,max,819295,819295,10.022366283994863
174,max,822695,822695,3.8902573357682058
175,max,819296,819296,9.868861600614899
176,max,837211,837211,5.565958799955674
177,max,837210,837210,9.511540660228873
178,max,830539,830539,8.176539593496532
179,max,830538,830538,4.415316839841703
180,max,843641,843641,6.8726355331108735
181,max,843869,843869,10.071308650661555
182,max,834549,834549,8.287765228606757
183,max,825476,825476,9.358035976848909
184,max,834090,834090,8.818393479668927
185,max,825475,825475,6.832630198497174
186,max,834545,834545,10.071308650661555
187,max,825470,825470,6.264646160891235
188,max,825471,825471,6.264646160891235
189,max,844073,844073,8.125398501606242
190,max,844071,844071,3.5666437489372247
191,max,844076,844076,1.4616028778772505
192,max,844075,844075,8.077102131386843
193,max,844074,844074,7.709377351261526
194,max,832872,832872,9.665843542553391
195,max,844345,844345,9.021563740227695
196,max,832875,832875,10.7644558312215
197,max,834324,834324,6.757122645989029
198,max,834893,834893,4.449802616370733
199,max,834896,834896,7.991867108981719
200,max,834321,834321,7.655242669863246
201,max,834323,834323,10.022366283994863
202,max,841453,841453,7.470966327816528
203,max,838792,838792,7.788774062487768
204,max,837290,837290,6.544948126045393
205,max,819035,819035,10.967473889283008
206,max,819036,819036,2.369662325889517
207,max,819749,819749,6.907030878736589
208,max,819039,819039,5.0441440546140885
209,max,816923,816923,8.461870738227455
210,max,817039,817039,7.789420058935063
211,max,817032,817032,7.298719928421773
212,max,842116,842116,4.386834751998059
213,max,842113,842113,7.942924742315027
214,max,839226,839226,7.501737986483281
215,max,839228,839228,7.077927304828422
216,max,839229,839229,5.552634068901876
217,max,834996,834996,9.581179528163117
218,max,836028,836028,5.336262107461643
219,max,835054,835054,7.356555976638783
220,max,835051,835051,7.709377351261526
221,max,835052,835052,8.818393479668927
222,max,824477,824477,7.8319796733538585
223,max,835469,835469,2.7515895760151294
224,max,831217,831217,6.751530720195951
225,max,831215,831215,10.274326708723063
226,max,827965,827965,8.888032347603172
227,max,827962,827962,8.36656055842313
228,max,827960,827960,10.071308650661555
229,max,832494,832494,10.274326708723063
230,max,832496,832496,9.041537030983136
231,max,821480,821480,4.670508150518796
232,max,832490,832490,3.5373597507212073
233,max,818562,818562,9.175714420054954
234,max,829618,829618,8.636071922874972
235,max,829619,829619,5.9734840958495194
236,max,829616,829616,10.071308650661555
237,max,829614,829614,6.099939438827426
238,max,829613,829613,4.9623374558444375
239,max,816745,816745,2.9938105970923234
240,max,817293,817293,5.0441440546140885
241,max,817292,817292,5.944174265616463
242,max,817630,817630,8.287765228606757
243,max,821573,821573,9.358035976848909
244,max,837432,837432,5.822813408612196
245,max,821570,821570,1.4616028778772505
246,max,821577,821577,10.071308650661555
247,max,821575,821575,5.664168981223932
248,max,820229,820229,7.100894185091854
249,max,820739,820739,3.464735678528157
250,max,827500,827500,3.240974518648003
251,max,820223,820223,7.470966327816528
252,max,827505,827505,8.32841655966775
253,max,837777,837777,7.991867108981719
254,max,837775,837775,7.22980427099964
255,max,824071,824071,10.967473889283008
256,max,834442,834442,8.569578616484637
257,max,840608,840608,2.369662325889517
258,max,821005,821005,3.7723594038056123
259,max,818179,818179,9.329219103434918
260,max,818178,818178,4.683339728212206
261,max,837516,837516,3.7723594038056123
262,max,837517,837517,7.655242669863246
263,max,818174,818174,7.922951451559585
264,max,823426,823426,7.8319796733538585
265,max,828258,828258,2.5976045221716535
266,max,820759,820759,
267,max,814717,814717,2.5976045221716535
268,max,828254,828254,9.155017918787399
269,max,814714,814714,10.7644558312215
270,max,826364,826364,7.441113364666847
271,max,827520,827520,2.853149180127669
272,max,819215,819215,9.358035976848909
273,max,841919,841919,8.32841655966775
274,max,841918,841918,1.4616028778772505
275,max,819219,819219,9.665843542553391
276,max,837791,837791,7.671637023278679
277,max,843987,843987,8.134260545226791
278,max,843985,843985,8.125398501606242
279,max,834159,834159,4.302987654867783
280,max,834158,834158,7.356555976638783
281,max,825866,825866,8.287765228606757
282,max,834154,834154,9.581179528163117
283,max,816247,816247,3.240974518648003
284,max,816246,816246,7.229158274552346
285,max,816244,816244,10.071308650661555
286,max,816242,816242,0.8140947171877913
287,max,838632,838632,7.138832492793913
288,max,838630,838630,7.432251321046296
289,max,838636,838636,8.199506473759964
290,max,816249,816249,9.175714420054954
291,max,843189,843189,8.569578616484637
292,max,843181,843181,3.406899630311147
293,max,843185,843185,10.7644558312215
294,max,842855,842855,7.709377351261526
295,max,842854,842854,7.82001685205506
296,max,842851,842851,4.892338041746084
297,max,842859,842859,8.685014289541664
298,max,818771,818771,4.641324416127909
299,max,818772,818772,8.402524531821472
300,max,818775,818775,5.960434786488244
301,max,843320,843320,7.628961615292351
302,max,843453,843453,5.664168981223932
303,max,816173,816173,10.274326708723063
304,max,843329,843329,7.138832492793913
305,max,825285,825285,9.868861600614899
306,max,825284,825284,6.960140704050537
307,max,840981,840981,9.868861600614899
308,max,825286,825286,8.888032347603172
309,max,825283,825283,8.023034910116568
310,max,817996,817996,5.69961573021968
311,max,842582,842582,7.628961615292351
312,max,816177,816177,3.5666437489372247
313,max,842589,842589,4.193250002925394
314,max,829134,829134,9.665843542553391
315,max,832003,832003,2.5976045221716535
316,max,832000,832000,8.134260545226791
317,max,832009,832009,5.9112280839347005
318,max,817197,817197,7.82001685205506
319,max,817198,817198,9.021563740227695
320,max,828417,828417,5.059390951114077
321,max,828413,828413,5.68427016054502
322,max,828412,828412,5.69961573021968
323,max,830352,830352,6.739104140486351
324,max,830355,830355,7.100894185091854
325,max,830354,830354,3.240974518648003
326,max,824422,824422,9.329219103434918
327,max,824423,824423,2.8020401511004365
328,max,821900,821900,5.664168981223932
329,max,821901,821901,6.077124761061254
330,max,821907,821907,4.504874367156577
331,max,821904,821904,6.077124761061254
332,max,824425,824425,4.641324416127909
333,max,821908,821908,5.802687915359494
334,max,824429,824429,5.0142305549952235
335,max,817370,817370,4.819035222614925
336,max,828733,828733,9.041537030983136
337,max,828737,828737,6.446967717685189
338,max,828735,828735,1.4616028778772505
339,max,819827,819827,5.507888375138849
340,max,820500,820500,5.678560862141179
341,max,820505,820505,2.5976045221716535
342,max,820507,820507,2.369662325889517
343,max,821630,821630,4.953462081774631
344,max,821631,821631,4.193250002925394
345,max,821634,821634,3.3781380661123914
346,max,821635,821635,5.165141203198141
347,max,828084,828084,8.770249311946788
348,max,832669,832669,8.818545682166187
349,max,831001,831001,9.868861600614899
350,max,841742,841742,5.38440627518378
351,max,841743,841743,7.016230170701581
352,max,841749,841749,9.358035976848909
353,max,827193,827193,4.087372369974364
354,max,836582,836582,7.126869671495115
355,max,836583,836583,6.298547712566917
356,max,835850,835850,9.734684211543081
357,max,829425,829425,7.330468626736354
358,max,829427,829427,9.041537030983136
359,max,829421,829421,8.2795491814335
360,max,823851,823851,7.673413377863184
361,max,822106,822106,5.159331399302564
362,max,827777,827777,2.5976045221716535
363,max,827775,827775,8.32841655966775
364,max,827773,827773,10.967473889283008
365,max,830366,830366,7.126869671495115
366,max,837187,837187,7.077927304828422
367,max,837180,837180,8.972696361993446
368,max,837188,837188,8.32841655966775
369,max,2745709,2745709,5.336262107461643
370,max,840164,840164,1.4616028778772505
371,max,832114,832114,6.238176650076602
372,max,840169,840169,7.709377351261526
373,max,837238,837238,7.035648256558682
374,max,830517,830517,7.931242487165284
375,max,830515,830515,1.4616028778772505
376,max,815456,815456,5.9734840958495194
377,max,830511,830511,4.641324416127909
378,max,828181,828181,6.858298695621657
379,max,843848,843848,6.54863328148641
380,max,843845,843845,6.960140704050537
381,max,843840,843840,8.56723125388528
382,max,830636,830636,7.055450883854862
383,max,825454,825454,7.113645387430501
384,max,825455,825455,10.274326708723063
385,max,838400,838400,9.041537030983136
386,max,832857,832857,5.944174265616463
387,max,832853,832853,1.4616028778772505
388,max,844096,844096,10.274326708723063
389,max,844091,844091,10.071308650661555
390,max,844093,844093,0.8140947171877913
391,max,816579,816579,8.569578616484637
392,max,815907,815907,9.175714420054954
393,max,834722,834722,8.32841655966775
394,max,839362,839362,8.412928371560762
395,max,816908,816908,6.362303703294916
396,max,819019,819019,8.077102131386843
397,max,819016,819016,10.967473889283008
398,max,819015,819015,1.4616028778772505
399,max,819014,819014,7.533486684797862
400,max,819011,819011,7.922951451559585
401,max,819010,819010,10.427831392103027
402,max,819151,819151,10.071308650661555
403,max,842138,842138,6.310108534967992
404,max,835697,835697,7.922951451559585
405,max,835699,835699,9.175714420054954
406,max,835698,835698,6.028257382827005
407,max,839739,839739,2.424969963782068
408,max,831582,831582,1.4616028778772505
409,max,831581,831581,5.188733385214961
410,max,839208,839208,9.155017918787399
411,max,839206,839206,8.412928371560762
412,max,833729,833729,7.82001685205506
413,max,833728,833728,8.685014289541664
414,max,839203,839203,9.868861600614899
415,max,836006,836006,4.415316839841703
416,max,829207,829207,1.4616028778772505
417,max,835078,835078,3.464735678528157
418,max,822566,822566,8.664888796288963
419,max,818693,818693,9.155017918787399
420,max,818691,818691,6.832630198497174
421,max,818694,818694,6.889936445377288
422,max,844281,844281,9.175714420054954
423,max,827940,827940,9.155017918787399
424,max,827943,827943,5.000681153712022
425,max,829638,829638,8.685014289541664
426,max,829639,829639,6.856600025109697
427,max,835902,835902,1.4616028778772505
428,max,837752,837752,10.427831392103027
429,max,839972,839972,2.5976045221716535
430,max,839970,839970,3.406899630311147
431,max,841029,841029,9.37816147010161
432,max,841028,841028,2.5976045221716535
433,max,837534,837534,4.819035222614925
434,max,828668,828668,10.274326708723063
435,max,837536,837536,5.715200461236378
436,max,837530,837530,8.36656055842313
437,max,837532,837532,
438,max,814736,814736,8.770249311946788
439,max,837538,837538,6.4788375195508685
440,max,837539,837539,1.4616028778772505
441,max,820242,820242,10.274326708723063
442,max,827568,827568,10.274326708723063
443,max,820249,820249,10.967473889283008
444,max,820718,820718,4.551497152248676
445,max,818670,818670,8.569578616484637
446,max,828481,828481,7.383954950826898
447,max,828271,828271,8.461870738227455
448,max,818673,818673,7.902102747794771
449,max,828274,828274,8.36656055842313
450,max,841687,841687,6.704794012241693
451,max,841685,841685,4.26979364516923
452,max,841682,841682,4.529304840654314
453,max,841680,841680,1.4616028778772505
454,max,820866,820866,5.552634068901876
455,max,841978,841978,10.274326708723063
456,max,827384,827384,7.971741615729017
457,max,827381,827381,8.818545682166187
458,max,841972,841972,0.8140947171877913
459,max,841975,841975,10.7644558312215
460,max,841974,841974,6.1297268429918645
461,max,820869,820869,2.9938105970923234
462,max,833534,833534,10.967473889283008
463,max,833535,833535,8.888032347603172
464,max,814997,814997,10.967473889283008
465,max,815024,815024,
466,max,825842,825842,8.923753995326752
467,max,816220,816220,3.240974518648003
468,max,816225,816225,7.82001685205506
469,max,816224,816224,7.82001685205506
470,max,830525,830525,4.298311106983881
471,max,820895,820895,5.752538131674022
472,max,829380,829380,3.406899630311147
473,max,837202,837202,7.8319796733538585
474,max,829382,829382,8.077102131386843
475,max,829387,829387,8.56723125388528
476,max,830520,830520,7.22980427099964
477,max,844137,844137,1.4616028778772505
478,max,842833,842833,8.230606814766807
479,max,844135,844135,10.274326708723063
480,max,842835,842835,4.958660703840413
481,max,844133,844133,8.194885167043227
482,max,844130,844130,4.415316839841703
483,max,842836,842836,8.36656055842313
484,max,842838,842838,4.415316839841703
485,max,818751,818751,10.7644558312215
486,max,818754,818754,8.023034910116568
487,max,843303,843303,7.501737986483281
488,max,843305,843305,8.482567239495008
489,max,838614,838614,8.412928371560762
490,max,838343,838343,2.424969963782068
491,max,835260,835260,1.4616028778772505
492,max,835261,835261,5.950194052468084
493,max,835266,835266,5.462142353350646
494,max,835264,835264,7.383954950826898
495,max,838348,838348,8.125246299108982
496,max,835269,835269,8.412928371560762
497,max,839564,839564,8.023034910116568
498,max,832063,832063,3.406899630311147
499,max,832064,832064,7.545580006353299
500,max,832068,832068,2.853149180127669
501,max,839568,839568,9.021563740227695
502,max,817173,817173,9.358035976848909
503,max,817170,817170,10.967473889283008
504,max,830372,830372,10.071308650661555
505,max,830374,830374,9.329219103434918
506,max,825150,825150,8.230606814766807
507,max,825153,825153,4.440123893872757
508,max,828475,828475,8.664888796288963
509,max,828477,828477,1.4616028778772505
510,max,821381,821381,2.369662325889517
511,max,821382,821382,8.2795491814335
512,max,832289,832289,7.11732628757295
513,max,832288,832288,2.5976045221716535
514,max,843653,843653,8.923753995326752
515,max,821388,821388,8.176539593496532
516,max,824405,824405,9.868861600614899
517,max,824407,824407,9.041537030983136
518,max,821432,821432,8.134260545226791
519,max,821921,821921,7.383954950826898
520,max,832283,832283,7.922951451559585
521,max,828714,828714,7.356555976638783
522,max,828715,828715,9.581179528163117
523,max,828716,828716,8.482567239495008
524,max,828717,828717,8.770249311946788
525,max,817317,817317,4.991122979985074
526,max,828713,828713,8.125398501606242
527,max,838966,838966,1.4616028778772505
528,max,842303,842303,6.794163917669378
529,max,831398,831398,6.313513539125485
530,max,831399,831399,2.7515895760151294
531,max,828556,828556,9.868861600614899
532,max,842700,842700,10.7644558312215
533,max,833880,833880,2.9938105970923234
534,max,833881,833881,6.077124761061254
535,max,836616,836616,6.747966184106901
536,max,828552,828552,10.967473889283008
537,max,825030,825030,10.071308650661555
538,max,831020,831020,8.56723125388528
539,max,831021,831021,9.734684211543081
540,max,831024,831024,8.36656055842313
541,max,831025,831025,8.888032347603172
542,max,831027,831027,0.8140947171877913
543,max,841765,841765,9.37816147010161
544,max,841761,841761,5.0640122578308135
545,max,835875,835875,9.358035976848909
546,max,835872,835872,5.950194052468084
547,max,835871,835871,10.7644558312215
548,max,820385,820385,7.126869671495115
549,max,827173,827173,9.868861600614899
550,max,830029,830029,8.569578616484637
551,max,832763,832763,4.415316839841703
552,max,5007942,5007942,9.868861600614899
553,max,839517,839517,8.32841655966775
554,max,829404,829404,10.274326708723063
555,max,829401,829401,6.544948126045393
556,max,829400,829400,9.868861600614899
557,max,839045,839045,5.009049196253226
558,max,827710,827710,10.071308650661555
559,max,827714,827714,10.967473889283008
560,max,2745723,2745723,9.175714420054954
561,max,2745726,2745726,1.4616028778772505
562,max,2745725,2745725,9.175714420054954
563,max,818036,818036,9.175714420054954
564,max,818037,818037,8.176539593496532
565,max,818034,818034,10.7644558312215
566,max,818030,818030,9.021563740227695
567,max,818031,818031,10.274326708723063
568,max,840148,840148,10.274326708723063
569,max,840410,840410,6.777819147256583
570,max,840141,840141,8.923753995326752
571,max,840412,840412,5.165141203198141
572,max,844308,844308,3.4660615248146516
573,max,844304,844304,8.818545682166187
574,max,837252,837252,6.957793341451181
575,max,830575,830575,4.302987654867783
576,max,837257,837257,3.464735678528157
577,max,837256,837256,6.115443625363391
578,max,843828,843828,7.1809368927653905
579,max,825437,825437,1.4616028778772505
580,max,834056,834056,7.208955567234826
581,max,834057,834057,1.4616028778772505
582,max,843823,843823,5.69961573021968
583,max,843827,843827,9.581179528163117
584,max,834503,834503,9.358035976848909
585,max,826447,826447,8.023034910116568
586,max,823657,823657,2.5976045221716535
587,max,823650,823650,9.37816147010161
588,max,823651,823651,3.240974518648003
589,max,823652,823652,
590,max,830615,830615,5.199935423898807
591,max,830616,830616,6.313513539125485
592,max,830612,830612,7.1809368927653905
593,max,826449,826449,8.461870738227455
594,max,838421,838421,9.581179528163117
595,max,838424,838424,8.36656055842313
596,max,822380,822380,7.533486684797862
597,max,3768663,3768663,5.611164236723721
598,max,822388,822388,9.175714420054954
599,max,819252,819252,7.82001685205506
600,max,825385,825385,6.266993523490592
601,max,825382,825382,6.467664218952743
602,max,832503,832503,10.071308650661555
603,max,816962,816962,10.071308650661555
604,max,819785,819785,8.023034910116568
605,max,819784,819784,10.967473889283008
606,max,819783,819783,9.868861600614899
607,max,816965,816965,
608,max,831629,831629,9.358035976848909
609,max,819079,819079,2.9938105970923234
610,max,819070,819070,8.36656055842313
611,max,819075,819075,
612,max,819077,819077,5.529394580359813
613,max,838305,838305,9.175714420054954
614,max,842157,842157,9.868861600614899
615,max,842154,842154,1.4616028778772505
616,max,838289,838289,10.274326708723063
617,max,838284,838284,8.412928371560762
618,max,838281,838281,6.832630198497174
619,max,838280,838280,4.864558477639009
620,max,829245,829245,6.544948126045393
621,max,822524,822524,5.759686406953548
622,max,829241,829241,3.022943816486902
623,max,829240,829240,10.967473889283008
624,max,831565,831565,8.259423688180798
625,max,818457,818457,8.125398501606242
626,max,822529,822529,4.756873812258355
627,max,831560,831560,10.071308650661555
628,max,839771,839771,2.369662325889517
629,max,835011,835011,8.923753995326752
630,max,835010,835010,9.021563740227695
631,max,835015,835015,
632,max,835016,835016,10.022366283994863
633,max,839481,839481,6.762781269892042
634,max,827928,827928,1.4616028778772505
635,max,831422,831422,2.7515895760151294
636,max,827923,827923,8.32841655966775
637,max,829652,829652,9.734684211543081
638,max,821469,821469,9.021563740227695
639,max,829651,829651,5.555827837427969
640,max,829657,829657,6.238176650076602
641,max,829654,829654,7.566276507620853
642,max,816787,816787,9.155017918787399
643,max,816784,816784,2.5976045221716535
644,max,816782,816782,6.907030878736589
645,max,816780,816780,10.274326708723063
646,max,837732,837732,
647,max,837733,837733,9.155017918787399
648,max,837886,837886,7.11732628757295
649,max,837888,837888,9.37816147010161
650,max,832547,832547,6.775471784657226
651,max,832542,832542,2.7515895760151294
652,max,832543,832543,10.967473889283008
653,max,832540,832540,2.424969963782068
654,max,839953,839953,5.616961354408048
655,max,832549,832549,7.748598064414807
656,max,817784,817784,5.106687665817143
657,max,823287,823287,5.36167182298701
658,max,836287,836287,7.055450883854862
659,max,841786,841786,7.922951451559585
660,max,841787,841787,9.37816147010161
661,max,837084,837084,9.581179528163117
662,max,837087,837087,4.076864769135842
663,max,835233,835233,7.3298877295566225
664,max,824368,824368,5.734017909829065
665,max,827435,827435,6.077124761061254
666,max,817439,817439,11.120978572662972
667,max,817437,817437,10.071308650661555
668,max,817433,817433,4.386834751998059
669,max,817432,817432,6.077124761061254
670,max,820268,820268,2.424969963782068
671,max,827541,827541,8.685014289541664
672,max,826639,826639,2.424969963782068
673,max,826635,826635,2.369662325889517
674,max,826632,826632,1.4616028778772505
675,max,828297,828297,7.506359293200018
676,max,828296,828296,4.302987654867783
677,max,840316,840316,5.6444639101446
678,max,841407,841407,2.5976045221716535
679,max,831817,831817,7.671637023278679
680,max,841958,841958,7.709377351261526
681,max,841409,841409,7.138832492793913
682,max,831810,831810,10.071308650661555
683,max,831813,831813,7.11732628757295
684,max,820841,820841,6.367388381556608
685,max,820842,820842,8.287765228606757
686,max,827575,827575,9.665843542553391
687,max,823827,823827,11.120978572662972
688,max,833552,833552,10.274326708723063
689,max,833559,833559,8.56723125388528
690,max,827574,827574,5.529394580359813
691,max,815008,815008,7.902102747794771
692,max,815558,815558,5.791324156709179
693,max,815006,815006,8.07645613493955
694,max,815007,815007,9.358035976848909
695,max,816206,816206,4.386834751998059
696,max,843142,843142,2.5976045221716535
697,max,844110,844110,7.991867108981719
698,max,844112,844112,10.071308650661555
699,max,844117,844117,4.26979364516923
700,max,842811,842811,6.790245232376641
701,max,842810,842810,3.5666437489372247
702,max,843368,843368,6.6107650625934165
703,max,834260,834260,2.5976045221716535
704,max,843366,843366,6.978489842718734
705,max,843367,843367,9.37816147010161
706,max,843497,843497,5.752538131674022
707,max,835244,835244,9.665843542553391
708,max,838365,838365,7.0508837645171925
709,max,835240,835240,7.383954950826898
710,max,838363,838363,10.274326708723063
711,max,832048,832048,10.7644558312215
712,max,839549,839549,9.155017918787399
713,max,839548,839548,2.424969963782068
714,max,839547,839547,2.424969963782068
715,max,839014,839014,3.573595599175252
716,max,839545,839545,4.9623374558444375
717,max,832733,832733,9.358035976848909
718,max,828905,828905,8.32841655966775
719,max,825172,825172,4.504874367156577
720,max,828907,828907,9.868861600614899
721,max,828457,828457,9.868861600614899
722,max,828900,828900,4.670508150518796
723,max,828903,828903,1.4616028778772505
724,max,817152,817152,4.26979364516923
725,max,828909,828909,7.566276507620853
726,max,828908,828908,8.664888796288963
727,max,830399,830399,9.358035976848909
728,max,830395,830395,4.819035222614925
729,max,817334,817334,10.274326708723063
730,max,817845,817845,8.556029215201436
731,max,817332,817332,8.685014289541664
732,max,819865,819865,8.770249311946788
733,max,824170,824170,4.504874367156577
734,max,821411,821411,8.023034910116568
735,max,824173,824173,9.37816147010161
736,max,817338,817338,4.386834751998059
737,max,821416,821416,10.7644558312215
738,max,818069,818069,10.071308650661555
739,max,826998,826998,7.1608113995126885
740,max,838946,838946,6.077124761061254
741,max,838947,838947,1.4616028778772505
742,max,842361,842361,1.4616028778772505
743,max,842360,842360,4.864558477639009
744,max,830027,830027,5.815695940843332
745,max,836637,836637,5.664168981223932
746,max,831049,831049,8.770249311946788
747,max,831042,831042,4.26979364516923
748,max,831043,831043,8.723083299864602
749,max,831046,831046,5.165141203198141
750,max,827157,827157,6.063975465429084
751,max,827154,827154,9.868861600614899
752,max,827153,827153,8.134260545226791
753,max,827159,827159,5.759686406953548
754,max,827488,827488,5.462142353350646
755,max,835813,835813,10.022366283994863
756,max,835815,835815,7.719933393498077
757,max,835816,835816,4.436366844995045
758,max,827481,827481,9.175714420054954
759,max,827480,827480,6.513126593029501
760,max,827484,827484,9.175068423607659
761,max,823812,823812,9.155017918787399
762,max,844757,844757,
763,max,844754,844754,
764,max,823811,823811,10.427831392103027
765,max,823817,823817,9.021563740227695
766,max,844750,844750,
767,max,819959,819959,7.624471011196492
768,max,821674,821674,6.063975465429084
769,max,821675,821675,2.9938105970923234
770,max,824280,824280,10.071308650661555
771,max,824281,824281,2.663081159992919
772,max,821670,821670,7.330468626736354
773,max,3770304,3770304,2.7715112839033944
774,max,821673,821673,10.967473889283008
775,max,829463,829463,9.041537030983136
776,max,829462,829462,9.041537030983136
777,max,820107,820107,5.759686406953548
778,max,820102,820102,8.723083299864602
779,max,816486,816486,8.685014289541664
780,max,831202,831202,8.134260545226791
781,max,818011,818011,5.759686406953548
782,max,837344,837344,10.274326708723063
783,max,840435,840435,
784,max,828868,828868,10.967473889283008
785,max,825119,825119,3.5666437489372247
786,max,830804,830804,2.5976045221716535
787,max,830807,830807,
788,max,844324,844324,10.427831392103027
789,max,830557,830557,9.868861600614899
790,max,830800,830800,7.971741615729017
791,max,844320,844320,9.175714420054954
792,max,840123,840123,9.581179528163117
793,max,830558,830558,7.356555976638783
794,max,834078,834078,7.2539018225787
795,max,825414,825414,10.967473889283008
796,max,825415,825415,9.868861600614899
797,max,834073,834073,5.165141203198141
798,max,834077,834077,7.922951451559585
799,max,826468,826468,9.37816147010161
800,max,826469,826469,1.4616028778772505
801,max,819277,819277,4.864558477639009
802,max,819273,819273,6.97784384627144
803,max,819272,819272,7.671637023278679
804,max,832890,832890,1.4616028778772505
805,max,829882,829882,6.9938441876178805
806,max,829880,829880,6.077124761061254
807,max,818905,818905,6.010865640115136
808,max,818903,818903,8.770249311946788
809,max,818908,818908,6.907030878736589
810,max,831607,831607,9.358035976848909
811,max,816944,816944,1.4616028778772505
812,max,831609,831609,5.6893592300524904
813,max,816940,816940,5.815695940843332
814,max,816943,816943,4.2967571051171465
815,max,843808,843808,6.777173150809288
816,max,835657,835657,10.7644558312215
817,max,842178,842178,4.302987654867783
818,max,842174,842174,1.4616028778772505
819,max,842177,842177,7.397160001235026
820,max,835658,835658,1.4616028778772505
821,max,831547,831547,5.399129385521912
822,max,831546,831546,8.029936119304656
823,max,831545,831545,5.538128260328567
824,max,831542,831542,10.427831392103027
825,max,835382,835382,1.4616028778772505
826,max,835386,835386,10.071308650661555
827,max,839716,839716,7.470966327816528
828,max,839717,839717,10.967473889283008
829,max,839714,839714,2.424969963782068
830,max,822505,822505,9.734684211543081
831,max,839719,839719,2.5976045221716535
832,max,822503,822503,8.176539593496532
833,max,817606,817606,9.358035976848909
834,max,833768,833768,7.533486684797862
835,max,834381,834381,8.36656055842313
836,max,834387,834387,8.125246299108982
837,max,833763,833763,9.665843542553391
838,max,834389,834389,7.075576377107564
839,max,835032,835032,3.4619594074941746
840,max,838007,838007,7.077927304828422
841,max,835035,835035,7.922951451559585
842,max,838002,838002,8.888032347603172
843,max,817351,817351,5.0640122578308135
844,max,818654,818654,5.9734840958495194
845,max,816413,816413,8.125398501606242
846,max,818650,818650,8.556029215201436
847,max,827904,827904,7.3298877295566225
848,max,827905,827905,9.175714420054954
849,max,832245,832245,7.2539018225787
850,max,827908,827908,10.967473889283008
851,max,817609,817609,5.199935423898807
852,max,832246,832246,3.7723594038056123
853,max,832386,832386,9.37816147010161
854,max,832387,832387,9.37816147010161
855,max,829678,829678,8.077102131386843
856,max,829679,829679,8.818545682166187
857,max,829676,829676,6.907030878736589
858,max,834925,834925,9.329219103434918
859,max,834922,834922,5.159331399302564
860,max,834920,834920,6.139483017937229
861,max,821083,821083,5.16233892036652
862,max,821082,821082,9.155017918787399
863,max,821081,821081,7.686991368177826
864,max,821084,821084,8.077102131386843
865,max,818577,818577,7.6001780592965344
866,max,837719,837719,9.175068423607659
867,max,837869,837869,10.071308650661555
868,max,837867,837867,5.389177423537335
869,max,837863,837863,7.208955567234826
870,max,837860,837860,9.37816147010161
871,max,821881,821881,8.482567239495008
872,max,821880,821880,4.386834751998059
873,max,818571,818571,8.770249311946788
874,max,821885,821885,8.972696361993446
875,max,832569,832569,1.4616028778772505
876,max,816363,816363,5.976964088439455
877,max,821569,821569,10.967473889283008
878,max,824349,824349,9.175714420054954
879,max,824347,824347,9.868861600614899
880,max,824345,824345,10.7644558312215
881,max,824341,824341,7.397160001235026
882,max,824340,824340,9.868861600614899
883,max,817458,817458,7.991867108981719
884,max,817451,817451,2.369662325889517
885,max,828106,828106,2.310841621448134
886,max,817456,817456,9.021563740227695
887,max,821612,821612,10.071308650661555
888,max,836408,836408,8.972696361993446
889,max,820747,820747,11.120978572662972
890,max,840339,840339,9.358035976848909
891,max,840331,840331,5.6444639101446
892,max,840333,840333,2.7515895760151294
893,max,831836,831836,7.719933393498077
894,max,820960,820960,9.665843542553391
895,max,831832,831832,8.259423688180798
896,max,831830,831830,6.139483017937229
897,max,827247,827247,8.125398501606242
898,max,819674,819674,10.7644558312215
899,max,815152,815152,10.071308650661555
900,max,841427,841427,10.967473889283008
901,max,841425,841425,8.556029215201436
902,max,820212,820212,5.752538131674022
903,max,841420,841420,9.175068423607659
904,max,820827,820827,10.967473889283008
905,max,820825,820825,9.37816147010161
906,max,2745885,2745885,2.369662325889517
907,max,833570,833570,9.358035976848909
908,max,3769707,3769707,6.3425010759987375
909,max,819923,819923,2.5976045221716535
910,max,817945,817945,1.4616028778772505
911,max,819424,819424,10.427831392103027
912,max,839920,839920,10.967473889283008
913,max,844179,844179,3.022943816486902
914,max,844173,844173,7.470966327816528
915,max,844177,844177,4.634194261143318
916,max,844174,844174,8.36656055842313
917,max,843346,843346,1.4616028778772505
918,max,839929,839929,8.176539593496532
919,max,829590,829590,3.240974518648003
920,max,834719,834719,9.665843542553391
921,max,834718,834718,6.333639032378187
922,max,834712,834712,4.415316839841703
923,max,830008,830008,8.412928371560762
924,max,830001,830001,4.565556692555822
925,max,830000,830000,8.34838985042319
926,max,839529,839529,9.868861600614899
927,max,817130,817130,8.176539593496532
928,max,817134,817134,9.358035976848909
929,max,839521,839521,10.967473889283008
930,max,839523,839523,7.3632584495593445
931,max,817139,817139,4.892338041746084
932,max,839527,839527,8.461870738227455
933,max,828927,828927,10.274326708723063
934,max,825194,825194,6.382506410612436
935,max,825196,825196,9.175068423607659
936,max,825191,825191,2.424969963782068
937,max,825190,825190,1.4616028778772505
938,max,817897,817897,6.238176650076602
939,max,842697,842697,9.155017918787399
940,max,842696,842696,8.32841655966775
941,max,817860,817860,7.876431435924692
942,max,817684,817684,10.071308650661555
943,max,819840,819840,2.663081159992919
944,max,817683,817683,10.274326708723063
945,max,842344,842344,9.665843542553391
946,max,832613,832613,3.022943816486902
947,max,838927,838927,9.358035976848909
948,max,832717,832717,6.069634089332097
949,max,832713,832713,7.709377351261526
950,max,832710,832710,9.37816147010161
951,max,832718,832718,9.37816147010161
952,max,836653,836653,5.997014593259713
953,max,836651,836651,6.97784384627144
954,max,836656,836656,6.690807770266953
955,max,836873,836873,8.569578616484637
956,max,836871,836871,9.358035976848909
957,max,836658,836658,4.415316839841703
958,max,836878,836878,9.358035976848909
959,max,844150,844150,6.858298695621657
960,max,832618,832618,4.26979364516923
961,max,816624,816624,8.664888796288963
962,max,818467,818467,3.885765303177433
963,max,816626,816626,2.424969963782068
964,max,816621,816621,9.175714420054954
965,max,816623,816623,9.175714420054954
966,max,816622,816622,8.194885167043227
967,max,816546,816546,8.125398501606242
968,max,821473,821473,5.384558477681041
969,max,821470,821470,3.240974518648003
970,max,821471,821471,2.7515895760151294
971,max,824114,824114,0.8140947171877913
972,max,824115,824115,7.470966327816528
973,max,827135,827135,7.208955567234826
974,max,841720,841720,2.424969963782068
975,max,835839,835839,1.4616028778772505
976,max,835835,835835,10.7644558312215
977,max,829443,829443,6.856600025109697
978,max,844771,844771,
979,max,829441,829441,6.264646160891235
980,max,829440,829440,10.7644558312215
981,max,844775,844775,
982,max,823834,823834,6.063975465429084
983,max,823831,823831,11.120978572662972
984,max,821697,821697,8.556029215201436
985,max,821694,821694,9.868861600614899
986,max,818163,818163,1.4616028778772505
987,max,820128,820128,7.096272878375117
988,max,820126,820126,2.0407363943144907
989,max,820122,820122,6.382429196547618
990,max,820120,820120,5.759686406953548
991,max,818070,818070,6.544948126045393
992,max,818077,818077,9.041537030983136
993,max,840102,840102,9.665843542553391
994,max,840452,840452,7.470966327816528
995,max,840107,840107,4.302987654867783
996,max,840454,840454,9.175714420054954
997,max,840105,840105,7.709377351261526
998,max,844340,844340,1.4616028778772505
999,max,837299,837299,
1000,max,844344,844344,1.4616028778772505
1001,max,844347,844347,10.071308650661555
1002,max,830827,830827,7.3298877295566225
1003,max,844348,844348,8.134260545226791
1004,max,830825,830825,10.274326708723063
1005,max,830824,830824,8.36656055842313
1006,max,837291,837291,5.9734840958495194
1007,max,826263,826263,3.022943816486902
1008,max,824803,824803,2.353026662899552
1009,max,824804,824804,6.099939438827426
1010,max,824807,824807,8.569578616484637
1011,max,824808,824808,1.4616028778772505
1012,max,828311,828311,8.461870738227455
1013,max,828313,828313,5.336262107461643
1014,max,828314,828314,5.336262107461643
1015,max,828316,828316,9.37816147010161
1016,max,828318,828318,5.336262107461643
1017,max,828319,828319,6.858298695621657
1018,max,829094,829094,6.238176650076602
1019,max,826409,826409,10.274326708723063
1020,max,831147,831147,10.274326708723063
1021,max,826407,826407,10.274326708723063
1022,max,826404,826404,4.386834751998059
1023,max,826405,826405,1.4616028778772505
1024,max,819211,819211,6.6701112689994
1025,max,841857,841857,10.274326708723063
1026,max,841854,841854,7.825141706658643
1027,max,831993,831993,4.958660703840413
1028,max,841852,841852,2.5976045221716535
1029,max,841853,841853,10.967473889283008
1030,max,831998,831998,8.770249311946788
1031,max,831999,831999,6.97784384627144
1032,max,829944,829944,3.406899630311147
1033,max,822557,822557,8.569578616484637
1034,max,815962,815962,8.34838985042319
1035,max,829941,829941,4.415316839841703
1036,max,815211,815211,9.358035976848909
1037,max,831668,831668,8.194885167043227
1038,max,831660,831660,9.665843542553391
1039,max,829564,829564,7.22980427099964
1040,max,831666,831666,9.665843542553391
1041,max,834017,834017,5.199935423898807
1042,max,834014,834014,4.641324416127909
1043,max,829949,829949,8.664888796288963
1044,max,831521,831521,8.569578616484637
1045,max,831522,831522,7.8319796733538585
1046,max,831524,831524,10.022366283994863
1047,max,833743,833743,
1048,max,829208,829208,6.276126007053865
1049,max,833747,833747,6.924422621448458
1050,max,833746,833746,9.511540660228873
1051,max,829201,829201,1.4616028778772505
1052,max,829205,829205,3.3888170386882455
1053,max,839732,839732,5.664168981223932
1054,max,839733,839733,7.709377351261526
1055,max,838028,838028,10.967473889283008
1056,max,838024,838024,7.150686659110851
1057,max,831293,831293,9.868861600614899
1058,max,831290,831290,2.0407363943144907
1059,max,816434,816434,5.822813408612196
1060,max,831295,831295,1.4616028778772505
1061,max,831294,831294,5.552634068901876
1062,max,819153,819153,8.888032347603172
1063,max,818583,818583,3.5666437489372247
1064,max,818580,818580,11.120978572662972
1065,max,818581,818581,8.194885167043227
1066,max,818588,818588,7.22980427099964
1067,max,818589,818589,4.676847315962532
1068,max,839195,839195,4.790646219352239
1069,max,839197,839197,9.581179528163117
1070,max,825036,825036,9.358035976848909
1071,max,834902,834902,2.424969963782068
1072,max,825032,825032,3.240974518648003
1073,max,828553,828553,8.32841655966775
1074,max,834906,834906,6.115443625363391
1075,max,834907,834907,4.386834751998059
1076,max,821279,821279,10.274326708723063
1077,max,828558,828558,8.259423688180798
1078,max,825039,825039,5.759686406953548
1079,max,837848,837848,9.665843542553391
1080,max,837840,837840,8.818393479668927
1081,max,837843,837843,10.967473889283008
1082,max,837846,837846,8.685014289541664
1083,max,839999,839999,9.358035976848909
1084,max,821865,821865,5.0441440546140885
1085,max,839991,839991,3.240974518648003
1086,max,832500,832500,10.022366283994863
1087,max,821860,821860,8.259423688180798
1088,max,821862,821862,9.868861600614899
1089,max,819987,819987,9.175714420054954
1090,max,819986,819986,7.470966327816528
1091,max,824637,824637,8.972696361993446
1092,max,824636,824636,10.071308650661555
1093,max,824632,824632,8.34838985042319
1094,max,842207,842207,5.9734840958495194
1095,max,824329,824329,9.358035976848909
1096,max,828126,828126,7.506359293200018
1097,max,817470,817470,4.867154937262944
1098,max,828120,828120,9.581179528163117
1099,max,824323,824323,6.704012820675081
1100,max,824326,824326,7.628961615292351
1101,max,828241,828241,8.923753995326752
1102,max,818436,818436,5.791324156709179
1103,max,841198,841198,1.4616028778772505
1104,max,841627,841627,7.902102747794771
1105,max,841623,841623,5.6444639101446
1106,max,835997,835997,8.818545682166187
1107,max,835990,835990,6.777819147256583
1108,max,835991,835991,5.7047837003781225
1109,max,835993,835993,5.7047837003781225
1110,max,836463,836463,6.97784384627144
1111,max,836465,836465,2.663081159992919
1112,max,836466,836466,10.274326708723063
1113,max,837591,837591,4.641324416127909
1114,max,837594,837594,
1115,max,841996,841996,9.175714420054954
1116,max,841993,841993,5.009049196253226
1117,max,831856,831856,6.382506410612436
1118,max,841999,841999,7.673413377863184
1119,max,827677,827677,2.424969963782068
1120,max,820806,820806,7.586402000873554
1121,max,841440,841440,5.695551629001269
1122,max,841442,841442,9.37816147010161
1123,max,820809,820809,6.515960589172141
1124,max,841447,841447,8.888032347603172
1125,max,841446,841446,9.358035976848909
1126,max,826671,826671,7.2539018225787
1127,max,826676,826676,1.4616028778772505
1128,max,814978,814978,8.023034910116568
1129,max,837335,837335,7.126869671495115
1130,max,830452,830452,9.021563740227695
1131,max,830450,830450,9.358035976848909
1132,max,830451,830451,8.818545682166187
1133,max,837339,837339,7.719933393498077
1134,max,843106,843106,3.406899630311147
1135,max,823571,823571,9.37816147010161
1136,max,844158,844158,8.05640563011929
1137,max,834730,834730,9.581179528163117
1138,max,834738,834738,7.8319796733538585
1139,max,834229,834229,6.6701112689994
1140,max,830025,830025,6.200107639753664
1141,max,830024,830024,9.358035976848909
1142,max,825207,825207,7.095626881927823
1143,max,825201,825201,3.406899630311147
1144,max,834224,834224,7.095626881927823
1145,max,834227,834227,2.5956188185803413
1146,max,819407,819407,1.4616028778772505
1147,max,819400,819400,8.125398501606242
1148,max,819401,819401,4.9623374558444375
1149,max,819403,819403,9.868861600614899
1150,max,819408,819408,2.424969963782068
1151,max,819409,819409,5.205422506502831
1152,max,828492,828492,8.461870738227455
1153,max,817114,817114,1.4616028778772505
1154,max,817111,817111,4.504874367156577
1155,max,828498,828498,5.6444639101446
1156,max,828942,828942,4.670508150518796
1157,max,828945,828945,1.4616028778772505
1158,max,838906,838906,5.664168981223932
1159,max,817806,817806,5.0441440546140885
1160,max,838904,838904,4.476750354780501
1161,max,835174,835174,4.853659187180973
1162,max,838907,838907,6.276126007053865
1163,max,842414,842414,9.734684211543081
1164,max,842411,842411,5.695551629001269
1165,max,832771,832771,4.415316839841703
1166,max,832770,832770,4.436366844995045
1167,max,832773,832773,9.175714420054954
1168,max,832772,832772,2.663081159992919
1169,max,839506,839506,8.569578616484637
1170,max,839505,839505,8.125398501606242
1171,max,833828,833828,9.734684211543081
1172,max,833829,833829,9.734684211543081
1173,max,836675,836675,2.5976045221716535
1174,max,836671,836671,9.021563740227695
1175,max,833821,833821,3.377708871833968
1176,max,825026,825026,5.34835542901708
1177,max,816609,816609,8.636071922874972
1178,max,818448,818448,7.971741615729017
1179,max,818447,818447,7.506359293200018
1180,max,831087,831087,8.461870738227455
1181,max,828542,828542,7.709377351261526
1182,max,816603,816603,4.268736003611094
1183,max,821455,821455,9.581179528163117
1184,max,821456,821456,7.1809368927653905
1185,max,821325,821325,4.880699162370702
1186,max,824131,824131,5.555827837427969
1187,max,821320,821320,0.8140947171877913
1188,max,821453,821453,8.482567239495008
1189,max,820499,820499,8.818545682166187
1190,max,820325,820325,6.757122645989029
1191,max,820327,820327,10.071308650661555
1192,max,820326,820326,3.4660615248146516
1193,max,827441,827441,2.7515895760151294
1194,max,827116,827116,9.868861600614899
1195,max,827442,827442,3.464735678528157
1196,max,832195,832195,10.967473889283008
1197,max,839503,839503,6.238176650076602
1198,max,832196,832196,8.134260545226791
1199,max,825473,825473,10.7644558312215
1200,max,834094,834094,8.34838985042319
1201,max,838467,838467,4.302987654867783
1202,max,820140,820140,10.967473889283008
1203,max,820142,820142,6.978489842718734
1204,max,820144,820144,
1205,max,820146,820146,8.125246299108982
1206,max,837104,837104,7.100894185091854
1207,max,838462,838462,8.770249311946788
1208,max,824790,824790,10.274326708723063
1209,max,824793,824793,1.4616028778772505
1210,max,824796,824796,5.930521286869379
1211,max,824799,824799,4.743432481871974
1212,max,841298,841298,10.967473889283008
1213,max,830592,830592,10.071308650661555
1214,max,840472,840472,7.3298877295566225
1215,max,840471,840471,10.274326708723063
1216,max,840476,840476,9.868861600614899
1217,max,830598,830598,3.7723594038056123
1218,max,823369,823369,
1219,max,826799,826799,9.581179528163117
1220,max,830841,830841,7.126869671495115
1221,max,830840,830840,6.077124761061254
1222,max,830843,830843,6.997181975730887
1223,max,826796,826796,6.690807770266953
1224,max,830846,830846,8.32841655966775
1225,max,836856,836856,7.3298877295566225
1226,max,824862,824862,7.3298877295566225
1227,max,835546,835546,7.8319796733538585
1228,max,828378,828378,10.967473889283008
1229,max,828371,828371,9.155017918787399
1230,max,828377,828377,6.739104140486351
1231,max,826427,826427,7.82001685205506
1232,max,836673,836673,1.4616028778772505
1233,max,841870,841870,5.815695940843332
1234,max,841872,841872,4.516412956713071
1235,max,841873,841873,6.962095489303301
1236,max,841878,841878,9.175714420054954
1237,max,819232,819232,10.967473889283008
1238,max,819230,819230,9.041537030983136
1239,max,819236,819236,8.029936119304656
1240,max,819235,819235,4.9623374558444375
1241,max,819234,819234,9.329219103434918
1242,max,834892,834892,7.671637023278679
1243,max,818942,818942,7.383954950826898
1244,max,838869,838869,6.72140456338695
1245,max,834097,834097,7.150686659110851
1246,max,831645,831645,9.665843542553391
1247,max,831647,831647,9.868861600614899
1248,max,831649,831649,9.175714420054954
1249,max,822098,822098,9.868861600614899
1250,max,834895,834895,7.991867108981719
1251,max,838314,838314,9.37816147010161
1252,max,834031,834031,8.888032347603172
1253,max,834033,834033,8.664888796288963
1254,max,838599,838599,1.4616028778772505
1255,max,838598,838598,6.8403395042379165
1256,max,835613,835613,8.56723125388528
1257,max,835231,835231,4.26979364516923
1258,max,835611,835611,4.260167657684854
1259,max,835610,835610,8.2795491814335
1260,max,835341,835341,8.259423688180798
1261,max,838220,838220,1.4616028778772505
1262,max,835615,835615,6.46039073801733
1263,max,838590,838590,8.556029215201436
1264,max,829221,829221,7.533486684797862
1265,max,822547,822547,9.021563740227695
1266,max,822546,822546,2.5976045221716535
1267,max,831501,831501,7.356555976638783
1268,max,822238,822238,7.208955567234826
1269,max,816258,816258,10.967473889283008
1270,max,816607,816607,5.976964088439455
1271,max,838048,838048,8.402524531821472
1272,max,818444,818444,9.155017918787399
1273,max,818614,818614,10.967473889283008
1274,max,818443,818443,2.9938105970923234
1275,max,838046,838046,10.071308650661555
1276,max,834692,834692,5.695551629001269
1277,max,834693,834693,
1278,max,843733,843733,10.7644558312215
1279,max,832340,832340,7.942924742315027
1280,max,832693,832693,8.818393479668927
1281,max,832342,832342,6.751530720195951
1282,max,822023,822023,4.819035222614925
1283,max,832697,832697,4.26979364516923
1284,max,832694,832694,5.976964088439455
1285,max,832695,832695,4.26979364516923
1286,max,828570,828570,4.731104299079304
1287,max,828571,828571,6.832630198497174
1288,max,828572,828572,
1289,max,825014,825014,2.2769998857249654
1290,max,825015,825015,5.822813408612196
1291,max,828576,828576,6.544948126045393
1292,max,828577,828577,2.424969963782068
1293,max,825019,825019,8.125246299108982
1294,max,834960,834960,9.581179528163117
1295,max,834961,834961,10.274326708723063
1296,max,830278,830278,
1297,max,830273,830273,10.427831392103027
1298,max,830276,830276,1.4616028778772505
1299,max,832524,832524,10.7644558312215
1300,max,821146,821146,5.38440627518378
1301,max,839315,839315,8.077102131386843
1302,max,839311,839311,10.071308650661555
1303,max,824647,824647,7.748598064414807
1304,max,842063,842063,8.818393479668927
1305,max,842061,842061,0.8140947171877913
1306,max,842068,842068,5.6444639101446
1307,max,842069,842069,9.868861600614899
1308,max,824651,824651,7.671637023278679
1309,max,824650,824650,8.818545682166187
1310,max,824653,824653,1.4616028778772505
1311,max,827446,827446,8.923753995326752
1312,max,824655,824655,8.05640563011929
1313,max,821153,821153,1.4616028778772505
1314,max,821152,821152,4.26979364516923
1315,max,824308,824308,8.402524531821472
1316,max,821159,821159,9.358035976848909
1317,max,828144,828144,5.16233892036652
1318,max,819318,819318,6.901470867486865
1319,max,817497,817497,7.138832492793913
1320,max,827114,827114,9.021563740227695
1321,max,817491,817491,7.138832492793913
1322,max,836199,836199,7.876431435924692
1323,max,836198,836198,9.175714420054954
1324,max,820798,820798,10.071308650661555
1325,max,821155,821155,5.34835542901708
1326,max,820791,820791,6.856600025109697
1327,max,820793,820793,8.664888796288963
1328,max,837821,837821,7.356555976638783
1329,max,819311,819311,7.971741615729017
1330,max,836441,836441,
1331,max,836440,836440,4.790646219352239
1332,max,835979,835979,7.82001685205506
1333,max,835976,835976,3.240974518648003
1334,max,835971,835971,1.4616028778772505
1335,max,829768,829768,4.740937219995542
1336,max,820557,820557,7.789420058935063
1337,max,841465,841465,10.7644558312215
1338,max,841464,841464,5.753820537125245
1339,max,841468,841468,8.685014289541664
1340,max,827655,827655,7.3632584495593445
1341,max,827302,827302,8.32841655966775
1342,max,827303,827303,9.581179528163117
1343,max,826653,826653,2.9938105970923234
1344,max,814913,814913,9.511540660228873
1345,max,814915,814915,8.125398501606242
1346,max,837313,837313,5.944174265616463
1347,max,837318,837318,10.967473889283008
1348,max,837852,837852,7.719933393498077
1349,max,843129,843129,10.7644558312215
1350,max,814629,814629,1.4616028778772505
1351,max,825297,825297,5.950194052468084
1352,max,823559,823559,8.723083299864602
1353,max,823556,823556,9.665843542553391
1354,max,823553,823553,
1355,max,823551,823551,8.34838985042319
1356,max,819396,819396,6.751530720195951
1357,max,819393,819393,5.944174265616463
1358,max,819399,819399,6.264646160891235
1359,max,843388,843388,9.868861600614899
1360,max,825226,825226,7.055450883854862
1361,max,834207,834207,7.533486684797862
1362,max,834754,834754,9.175068423607659
1363,max,834205,834205,4.958660703840413
1364,max,834204,834204,7.3298877295566225
1365,max,834758,834758,10.274326708723063
1366,max,834208,834208,4.083950957976696
1367,max,843385,843385,8.972696361993446
1368,max,830045,830045,4.302987654867783
1369,max,830047,830047,8.556029215201436
1370,max,830049,830049,4.386834751998059
1371,max,830048,830048,4.454243778370701
1372,max,838694,838694,2.5976045221716535
1373,max,838695,838695,1.4616028778772505
1374,max,838690,838690,5.34835542901708
1375,max,838691,838691,3.4660615248146516
1376,max,819172,819172,4.583967254399003
1377,max,819173,819173,7.3298877295566225
1378,max,819174,819174,9.021563740227695
1379,max,819176,819176,8.569578616484637
1380,max,828962,828962,6.790245232376641
1381,max,828961,828961,2.5956188185803413
1382,max,828967,828967,8.36656055842313
1383,max,828964,828964,10.427831392103027
1384,max,828969,828969,7.077927304828422
1385,max,842654,842654,6.957793341451181
1386,max,842650,842650,10.274326708723063
1387,max,842653,842653,2.853149180127669
1388,max,836327,836327,5.199935423898807
1389,max,833136,833136,1.4616028778772505
1390,max,836323,836323,8.664888796288963
1391,max,842386,842386,9.021563740227695
1392,max,842385,842385,8.56723125388528
1393,max,842383,842383,4.415316839841703
1394,max,842381,842381,7.991867108981719
1395,max,842380,842380,4.415316839841703
1396,max,842388,842388,8.176539593496532
1397,max,835153,835153,7.113645387430501
1398,max,835156,835156,8.972696361993446
1399,max,835157,835157,8.56723125388528
1400,max,838492,838492,8.134260545226791
1401,max,835159,835159,6.747966184106901
1402,max,835402,835402,6.907030878736589
1403,max,835401,835401,7.671637023278679
1404,max,831318,831318,10.274326708723063
1405,max,831316,831316,6.704794012241693
1406,max,831315,831315,8.56723125388528
1407,max,831312,831312,7.2785944351690715
1408,max,827883,827883,8.259423688180798
1409,max,839073,839073,7.671637023278679
1410,max,836329,836329,9.021563740227695
1411,max,839077,839077,5.944174265616463
1412,max,832756,832756,8.029936119304656
1413,max,833804,833804,3.022943816486902
1414,max,818429,818429,8.664888796288963
1415,max,829159,829159,7.82001685205506
1416,max,816660,816660,4.458704752311326
1417,max,816663,816663,5.896921380765918
1418,max,829156,829156,7.942924742315027
1419,max,818425,818425,9.175714420054954
1420,max,816667,816667,8.023034910116568
1421,max,816666,816666,4.454243778370701
1422,max,817825,817825,2.424969963782068
1423,max,817827,817827,8.481921243047713
1424,max,821307,821307,2.7515895760151294
1425,max,829484,829484,10.967473889283008
1426,max,844731,844731,
1427,max,829480,829480,8.36656055842313
1428,max,843964,843964,6.757122645989029
1429,max,829489,829489,9.155017918787399
1430,max,844080,844080,7.208955567234826
1431,max,837126,837126,8.259423688180798
1432,max,837125,837125,8.194885167043227
1433,max,837122,837122,8.818545682166187
1434,max,837120,837120,7.095626881927823
1435,max,828402,828402,5.283816907879509
1436,max,817539,817539,9.868861600614899
1437,max,827463,827463,7.709377351261526
1438,max,827462,827462,3.8830445275789653
1439,max,825129,825129,8.412928371560762
1440,max,828681,828681,9.021563740227695
1441,max,830866,830866,5.199935423898807
1442,max,823305,823305,2.369662325889517
1443,max,830770,830770,8.723083299864602
1444,max,824514,824514,8.770249311946788
1445,max,824847,824847,7.2539018225787
1446,max,824510,824510,9.358035976848909
1447,max,824511,824511,6.010865640115136
1448,max,828357,828357,5.791324156709179
1449,max,828353,828353,9.021563740227695
1450,max,820163,820163,8.402524531821472
1451,max,820162,820162,7.183284255364747
1452,max,827792,827792,9.175068423607659
1453,max,828872,828872,2.369662325889517
1454,max,832497,832497,9.155017918787399
1455,max,841812,841812,8.888032347603172
1456,max,841810,841810,6.856600025109697
1457,max,841817,841817,2.7515895760151294
1458,max,836506,836506,9.021563740227695
1459,max,821971,821971,1.4616028778772505
1460,max,844367,844367,4.440123893872757
1461,max,826795,826795,8.770249311946788
1462,max,829971,829971,2.5976045221716535
1463,max,829970,829970,5.165141203198141
1464,max,817612,817612,7.077927304828422
1465,max,818966,818966,9.37816147010161
1466,max,815700,815700,1.4616028778772505
1467,max,826696,826696,8.461870738227455
1468,max,819614,819614,9.665843542553391
1469,max,816475,816475,7.8319796733538585
1470,max,819619,819619,7.3298877295566225
1471,max,816471,816471,6.808590805923337
1472,max,843244,843244,8.770249311946788
1473,max,843714,843714,10.022366283994863
1474,max,843248,843248,5.059390951114077
1475,max,838204,838204,9.665843542553391
1476,max,838202,838202,6.139483017937229
1477,max,830783,830783,7.1809368927653905
1478,max,830784,830784,7.1809368927653905
1479,max,830785,830785,9.358035976848909
1480,max,832320,832320,6.9421221985478585
1481,max,832326,832326,8.972696361993446
1482,max,832327,832327,8.194885167043227
1483,max,832324,832324,1.4616028778772505
1484,max,832325,832325,10.7644558312215
1485,max,832328,832328,7.876431435924692
1486,max,834417,834417,10.7644558312215
1487,max,834414,834414,2.3539573784762258
1488,max,834412,834412,9.868861600614899
1489,max,834419,834419,5.159331399302564
1490,max,842783,842783,8.077102131386843
1491,max,825072,825072,9.175714420054954
1492,max,828510,828510,2.8020401511004365
1493,max,825077,825077,3.022943816486902
1494,max,825074,825074,10.7644558312215
1495,max,825075,825075,8.569578616484637
1496,max,838061,838061,3.573595599175252
1497,max,838060,838060,3.573595599175252
1498,max,835098,835098,10.274326708723063
1499,max,839330,839330,5.552634068901876
1500,max,839331,839331,4.958660703840413
1501,max,839332,839332,8.556029215201436
1502,max,821824,821824,4.268736003611094
1503,max,5008005,5008005,6.72140456338695
1504,max,821829,821829,5.791324156709179
1505,max,816747,816747,9.581179528163117
1506,max,817708,817708,10.274326708723063
1507,max,819945,819945,8.077102131386843
1508,max,819944,819944,4.504874367156577
1509,max,817707,817707,7.077927304828422
1510,max,829611,829611,10.967473889283008
1511,max,819943,819943,5.599669857297986
1512,max,817702,817702,9.175714420054954
1513,max,842041,842041,7.8319796733538585
1514,max,842043,842043,8.818545682166187
1515,max,824679,824679,9.868861600614899
1516,max,824673,824673,2.5956188185803413
1517,max,821176,821176,7.100894185091854
1518,max,821174,821174,10.427831392103027
1519,max,824675,824675,7.138832492793913
1520,max,821170,821170,7.709377351261526
1521,max,828169,828169,2.5976045221716535
1522,max,828163,828163,9.734684211543081
1523,max,828167,828167,9.665843542553391
1524,max,828165,828165,9.329219103434918
1525,max,824050,824050,7.298719928421773
1526,max,831124,831124,8.664888796288963
1527,max,837808,837808,10.071308650661555
1528,max,837805,837805,10.967473889283008
1529,max,837800,837800,8.077102131386843
1530,max,831128,831128,2.5976045221716535
1531,max,841665,841665,10.7644558312215
1532,max,841666,841666,8.287765228606757
1533,max,841668,841668,6.367388381556608
1534,max,836317,836317,8.259423688180798
1535,max,836311,836311,10.274326708723063
1536,max,835951,835951,3.7723594038056123
1537,max,829740,829740,5.529394580359813
1538,max,820732,820732,8.888032347603172
1539,max,829744,829744,7.3298877295566225
1540,max,829745,829745,2.5976045221716535
1541,max,841486,841486,8.259423688180798
1542,max,819239,819239,8.664888796288963
1543,max,827638,827638,7.825141706658643
1544,max,827321,827321,8.412928371560762
1545,max,827323,827323,7.931242487165284
1546,max,827637,827637,9.329219103434918
1547,max,818392,818392,8.569578616484637
1548,max,818397,818397,4.913034543013637
1549,max,818395,818395,8.972696361993446
1550,max,820426,820426,2.0284484466522823
1551,max,3767694,3767694,7.356555976638783
1552,max,814939,814939,5.283816907879509
1553,max,814930,814930,10.967473889283008
1554,max,814936,814936,4.302987654867783
1555,max,840530,840530,5.759686406953548
1556,max,3769765,3769765,6.3425010759987375
1557,max,837378,837378,7.686991368177826
1558,max,837373,837373,9.155017918787399
1559,max,837375,837375,4.440123893872757
1560,max,814641,814641,8.923753995326752
1561,max,814643,814643,8.461870738227455
1562,max,814644,814644,6.115443625363391
1563,max,814647,814647,2.5956188185803413
1564,max,839913,839913,5.6444639101446
1565,max,844199,844199,6.382429196547618
1566,max,823531,823531,9.358035976848909
1567,max,844193,844193,9.665843542553391
1568,max,844197,844197,8.56723125388528
1569,max,819374,819374,5.759686406953548
1570,max,819375,819375,8.34838985042319
1571,max,819372,819372,8.972696361993446
1572,max,819373,819373,9.155017918787399
1573,max,819371,819371,10.7644558312215
1574,max,834778,834778,0.8140947171877913
1575,max,825246,825246,9.37816147010161
1576,max,7922386,7922386,7.686991368177826
1577,max,830062,830062,10.967473889283008
1578,max,830060,830060,6.264646160891235
1579,max,830065,830065,8.636071922874972
1580,max,816867,816867,6.762781269892042
1581,max,816864,816864,6.077124761061254
1582,max,816863,816863,7.470966327816528
1583,max,816861,816861,3.240974518648003
1584,max,819111,819111,7.407406505958664
1585,max,819114,819114,9.175068423607659
1586,max,819115,819115,7.055450883854862
1587,max,842674,842674,8.664888796288963
1588,max,842673,842673,9.329219103434918
1589,max,828988,828988,9.665843542553391
1590,max,815111,815111,9.021563740227695
1591,max,828981,828981,7.1608113995126885
1592,max,828983,828983,8.770249311946788
1593,max,828982,828982,5.6444639101446
1594,max,832620,832620,6.115443625363391
1595,max,842905,842905,9.37816147010161
1596,max,842450,842450,7.11732628757295
1597,max,842455,842455,3.7723594038056123
1598,max,835428,835428,9.665843542553391
1599,max,835429,835429,10.274326708723063
1600,max,835139,835139,8.972696361993446
1601,max,835421,835421,9.868861600614899
1602,max,831339,831339,8.34838985042319
1603,max,816394,816394,10.967473889283008
1604,max,842966,842966,2.7515895760151294
1605,max,832607,832607,8.259423688180798
1606,max,818402,818402,9.37816147010161
1607,max,816137,816137,3.240974518648003
1608,max,816136,816136,11.120978572662972
1609,max,818407,818407,6.515960589172141
1610,max,829172,829172,5.199935423898807
1611,max,818408,818408,10.071308650661555
1612,max,829179,829179,7.82001685205506
1613,max,843507,843507,8.023034910116568
1614,max,821367,821367,5.740575310375224
1615,max,821365,821365,3.3536552044743795
1616,max,837518,837518,7.470966327816528
1617,max,836810,836810,3.240974518648003
1618,max,833865,833865,4.415316839841703
1619,max,833868,833868,9.021563740227695
1620,max,837140,837140,10.967473889283008
1621,max,837142,837142,7.3298877295566225
1622,max,821587,821587,7.991867108981719
1623,max,821584,821584,7.876431435924692
1624,max,817518,817518,7.356555976638783
1625,max,820363,820363,9.665843542553391
1626,max,827405,827405,5.9112280839347005
1627,max,826803,826803,8.259423688180798
1628,max,820367,820367,8.023034910116568
1629,max,827406,827406,2.7515895760151294
1630,max,820369,820369,2.0284484466522823
1631,max,823982,823982,1.4616028778772505
1632,max,830885,830885,1.4616028778772505
1633,max,830886,830886,8.125398501606242
1634,max,830881,830881,9.665843542553391
1635,max,830880,830880,8.972696361993446
1636,max,823322,823322,5.6444639101446
1637,max,830882,830882,8.32841655966775
1638,max,824530,824530,8.36656055842313
1639,max,824531,824531,
1640,max,824534,824534,1.4616028778772505
1641,max,824535,824535,4.298311106983881
1642,max,824536,824536,3.406899630311147
1643,max,836762,836762,9.175714420054954
1644,max,836760,836760,10.071308650661555
1645,max,820189,820189,9.041537030983136
1646,max,820188,820188,4.670508150518796
1647,max,835612,835612,7.3298877295566225
1648,max,820180,820180,6.264646160891235
1649,max,841347,841347,8.023034910116568
1650,max,838591,838591,9.155017918787399
1651,max,835342,835342,5.9734840958495194
1652,max,831933,831933,4.836247399799867
1653,max,820981,820981,8.412928371560762
1654,max,820980,820980,5.059390951114077
1655,max,820989,820989,3.7723594038056123
1656,max,829950,829950,6.407747004531909
